product_id,product_handle,product_title,product_body_html,product_description,vendor,product_type,tags,published,price,status
39831668-style4-180x200cm-china,mmermind-fleece-blankets-and-throws-adult-thick-warm-winter-blankets-home-super-soft-duvet-luxury-solid-blankets-on-twin-bedding,mmermind fleece blankets and throws Adult Thick Warm winter Blankets Home Super Soft duvet luxury solid Blankets On twin Bedding,<p><span><strong>Brand Name:</strong> mmermind</span><br><span><strong>Origin:</strong> CN(Origin)</span><br><span><strong>Material:</strong> 100% Polyester</span><br><span><stron…,<p><span><strong>Brand Name:</strong> mmermind</span><br><span><strong>Origin:</strong> CN(Origin)</span><br><span><strong>Material:</strong> 100% Polyester</span><br><span><strong>Feature:</strong> Anti-Pilling</span><br><span><strong>Pattern Type:</strong> Solid</span><br><span><strong>Season:</strong> Winter</span><br><span><strong>Type:</strong> Coral Fleece Fabric</span><br><span><strong>Grade:</strong> Grade A</span><br><span><strong>Model Number:</strong> SG52</span><br><span><strong>Pattern:</strong> Flocked</span><br><span><strong>Style:</strong> Modern</span><br><span><strong>Set Type:</strong> No</span><br><span><strong>Color Fastness (Grade):</strong> 4</span><br><span><strong>Technics:</strong> Nonwoven</span><br><span><strong>Shape:</strong> Square</span><br><span><strong>Use:</strong> Hospital</span><br><span><strong>Use:</strong> Home</span><br><span><strong>Use:</strong> HOTEL</span><br><span><strong>Weight:</strong> 1000g</span><br><span><strong>Wash Style:</strong> Mechanical Wash</span><br><span><strong>Age Group:</strong> Adults</span><br><span><strong>fleece blankets:</strong> fleece blankets</span><br><span><strong>winter Blankets:</strong> winter Blankets</span></p>,Awhale,Home & Garden > Linens & Bedding > Bedding > Blankets,,TRUE,60.99,active
42084282-yellow-230x230cm-belgium,winter-flannel-blanket-solid-color-plaid-coral-blanket-fleece-bedspread-for-bed-sofa-thicken-plush-blanket-thin-quilt-home-decor,Winter Flannel Blanket Solid Color Plaid Coral Blanket Fleece Bedspread For Bed Sofa Thicken Plush Blanket Thin Quilt Home Decor,<p><span><strong>Origin:</strong> CN(Origin)</span><br><span><strong>Material:</strong> Microfiber Fabric</span><br><span><strong>Feature:</strong> Heated</span><br><span><strong>…,"<p><span><strong>Origin:</strong> CN(Origin)</span><br><span><strong>Material:</strong> Microfiber Fabric</span><br><span><strong>Feature:</strong> Heated</span><br><span><strong>Feature:</strong> Anti-Pilling</span><br><span><strong>Feature:</strong> Portable</span><br><span><strong>Pattern Type:</strong> Solid</span><br><span><strong>Season:</strong> Winter</span><br><span><strong>Type:</strong> Flannel Fabric</span><br><span><strong>Grade:</strong> Grade A</span><br><span><strong>Model Number:</strong> MT005</span><br><span><strong>Pattern:</strong> Plain Dyed</span><br><span><strong>Style:</strong> Modern</span><br><span><strong>Set Type:</strong> No</span><br><span><strong>Color Fastness (Grade):</strong> 3</span><br><span><strong>Technics:</strong> Woven</span><br><span><strong>Shape:</strong> Rectangle</span><br><span><strong>Use:</strong> Picnic</span><br><span><strong>Use:</strong> Travel</span><br><span><strong>Use:</strong> Military</span><br><span><strong>Use:</strong> Hospital</span><br><span><strong>Use:</strong> Home</span><br><span><strong>Use:</strong> HOTEL</span><br><span><strong>Use:</strong> Airplane</span><br><span><strong>Weight:</strong> 0.59-1.45kg</span><br><span><strong>Wash Style:</strong> Mechanical Wash</span><br><span><strong>Age Group:</strong> Adults</span><br><span><strong>home blanket:</strong> bed cover blanket, Bedspreads Blankets</span><br><span><strong>Color:</strong> Pink, Yellow, Cream, Grey-Blue, Grey</span><br><span><strong>Material:</strong> Flannel fabric</span></p>",Awhale,Home & Garden > Linens & Bedding > Bedding > Blankets,,TRUE,41.99,active
42964155-green-130x150cm-china,nordic-knitted-blanket-soild-color-sofa-throw-blanket-with-tassels-travel-tv-nap-blankets-air-condition-blankets-bed-decorative,Nordic Knitted Blanket Soild Color Sofa Throw Blanket With Tassels Travel TV Nap Blankets Air Condition Blankets Bed Decorative,<p><span><strong>Origin:</strong> CN(Origin)</span><br><span><strong>Material:</strong> Polyester / Acrylic</span><br><span><strong>Feature:</strong> Heated</span><br><span><stron…,"<p><span><strong>Origin:</strong> CN(Origin)</span><br><span><strong>Material:</strong> Polyester / Acrylic</span><br><span><strong>Feature:</strong> Heated</span><br><span><strong>Feature:</strong> Portable</span><br><span><strong>Pattern Type:</strong> Geometric</span><br><span><strong>Season:</strong> Spring/Autumn</span><br><span><strong>Type:</strong> Thread Blanket/Towel Blanket</span><br><span><strong>Grade:</strong> Grade A</span><br><span><strong>Model Number:</strong> MT007</span><br><span><strong>Pattern:</strong> Yarn Dyed</span><br><span><strong>Style:</strong> Pastoral</span><br><span><strong>Set Type:</strong> No</span><br><span><strong>Color Fastness (Grade):</strong> 4</span><br><span><strong>Technics:</strong> Knitting</span><br><span><strong>Shape:</strong> Rectangle</span><br><span><strong>Use:</strong> Picnic</span><br><span><strong>Use:</strong> Travel</span><br><span><strong>Use:</strong> Military</span><br><span><strong>Use:</strong> Hospital</span><br><span><strong>Use:</strong> Home</span><br><span><strong>Use:</strong> HOTEL</span><br><span><strong>Use:</strong> Airplane</span><br><span><strong>Weight:</strong> 0.525Kg</span><br><span><strong>Wash Style:</strong> Hand Wash</span><br><span><strong>Age Group:</strong> Adults</span><br><span><strong>home blanket:</strong> bed cover blanket, Bedspreads Blankets</span><br><span><strong>Color:</strong> Yellow and Grey</span><br><span><strong>Material:</strong> Acrylic</span><br><span><strong>Type:</strong> Knitted blanket, Woolen blanket</span><br><span><strong>Product Care:</strong> Hand wash at room temperature</span><br><span><strong>Season:</strong> Winter, Spring and Autumn</span><br><span><strong>Picture Type:</strong> Yellow and Grey Plaid, Geometry, Soild Color</span><br><span><strong>Age Group:</strong> Adults</span><br><span><strong>Blanket:</strong> blanket bedspread, home blanket with tassels</span></p>",Awhale,Home & Garden > Linens & Bedding > Bedding > Blankets,,TRUE,27.99,active
46478833-pink-42-45cm,flower-plush-throw-pillow-soft-plant-cartoon-chair-cushion-living-bedroom-home-decorative-pillows-sofa-cushions-birthday-gifts,Flower Plush Throw Pillow Soft Plant Cartoon Chair Cushion Living Bedroom Home Decorative Pillows Sofa Cushions Birthday Gifts,<p><span><strong>Origin:</strong> CN(Origin)</span><br><span><strong>Type:</strong> Seat Cushion/Back Cushion</span><br><span><strong>Feature:</strong> Memory</span><br><span><str…,<p><span><strong>Origin:</strong> CN(Origin)</span><br><span><strong>Type:</strong> Seat Cushion/Back Cushion</span><br><span><strong>Feature:</strong> Memory</span><br><span><strong>Set Type:</strong> No</span><br><span><strong>Unpick and Wash:</strong> Not Removable and Washable</span><br><span><strong>Pattern:</strong> PRINTED</span><br><span><strong>is_customized:</strong> No</span><br><span><strong>Style:</strong> MEDITERRANEAN</span><br><span><strong>Model Number:</strong> P161</span><br><span><strong>Technics:</strong> Knitted</span><br><span><strong>Shape:</strong> Round</span><br><span><strong>Pattern Type:</strong> cartoon</span><br><span><strong>Filling:</strong> Cotton</span><br><span><strong>Material:</strong> Polyester / Cotton</span><br><span><strong>Age Group:</strong> Adults</span><br><span><strong>Dimensions:</strong> 32-35cm/42-45cm/52-55cm</span><br><span><strong>Warning:</strong> 3 years and up</span></p>,Awhale,Home & Garden > Linens & Bedding > Bedding > Pillows,,TRUE,18.99,active
41153276-08-130x180cm-1pcs,europe-style-sofa-throw-blanket-cotton-thread-knitted-blanket-with-tassel-geometry-bohemian-sofa-cover-bed-blanket-home-decor,Europe Style Sofa Throw Blanket Cotton Thread Knitted Blanket With Tassel Geometry Bohemian Sofa Cover Bed Blanket Home Decor,<p><span><strong>Brand Name:</strong> POLLUELO</span><br><span><strong>Origin:</strong> CN(Origin)</span><br><span><strong>Material:</strong> Polyester / Cotton</span><br><span><s…,<p><span><strong>Brand Name:</strong> POLLUELO</span><br><span><strong>Origin:</strong> CN(Origin)</span><br><span><strong>Material:</strong> Polyester / Cotton</span><br><span><strong>Feature:</strong> Portable</span><br><span><strong>Feature:</strong> Wearable</span><br><span><strong>Pattern Type:</strong> Geometric</span><br><span><strong>Season:</strong> Spring/Autumn</span><br><span><strong>Type:</strong> Thread Blanket/Towel Blanket</span><br><span><strong>Grade:</strong> Grade A</span><br><span><strong>Model Number:</strong> A01568</span><br><span><strong>Pattern:</strong> PRINTED</span><br><span><strong>Style:</strong> europe</span><br><span><strong>Color Fastness (Grade):</strong> 4</span><br><span><strong>Technics:</strong> Knitted</span><br><span><strong>Shape:</strong> Rectangle</span><br><span><strong>Use:</strong> Picnic</span><br><span><strong>Use:</strong> Travel</span><br><span><strong>Use:</strong> Home</span><br><span><strong>Use:</strong> HOTEL</span><br><span><strong>Use:</strong> Airplane</span><br><span><strong>Weight:</strong> 300-3000g</span><br><span><strong>Wash Style:</strong> Mechanical Wash</span><br><span><strong>Age Group:</strong> Adults</span><br><span><strong>Package included:</strong> 1 x sofa throw blanket</span></p>,Awhale,Home & Garden > Linens & Bedding > Bedding > Blankets,,TRUE,19.99,active
47626159-10-dark-green-30x50cm-no-filling,inyahome-new-art-velvet-yellow-blue-pink-solid-color-cushion-cover-pillow-cover-pillow-case-home-decorative-sofa-throw-decor,Inyahome New Art Velvet Yellow Blue Pink Solid Color Cushion Cover Pillow Cover Pillow Case Home Decorative Sofa Throw Decor,<p><span><strong>Origin:</strong> CN(Origin)</span><br><span><strong>Type:</strong> Cusion</span><br><span><strong>Feature:</strong> Massage</span><br><span><strong>Set Type:</str…,<p><span><strong>Origin:</strong> CN(Origin)</span><br><span><strong>Type:</strong> Cusion</span><br><span><strong>Feature:</strong> Massage</span><br><span><strong>Set Type:</strong> No</span><br><span><strong>Unpick and Wash:</strong> Removable and Washable</span><br><span><strong>is_customized:</strong> No</span><br><span><strong>Style:</strong> Japan Style</span><br><span><strong>Model Number:</strong> 615860577068</span><br><span><strong>Technics:</strong> Woven</span><br><span><strong>Shape:</strong> Rectangle</span><br><span><strong>Use:</strong> Seat</span><br><span><strong>Pattern Type:</strong> Solid</span><br><span><strong>Filling:</strong> ppcotton</span><br><span><strong>Material:</strong> Polyester / Cotton</span><br><span><strong>Age Group:</strong> Adults</span></p>,Awhale,Home & Garden > Linens & Bedding > Bedding > Pillows,,TRUE,8.99,active
38967156-model-8-125x160cm-approx-china,shaggy-throw-blanket-soft-long-plush-bed-cover-blanket-fluffy-faux-fur-bedspread-blankets-for-beds-couch-sofa,Shaggy Throw Blanket Soft Long Plush Bed Cover Blanket Fluffy Faux Fur Bedspread Blankets for Beds Couch Sofa,<p><span><strong>Material:</strong> 100% Polyester</span><br><span><strong>Feature:</strong> keep warm</span><br><span><strong>Pattern Type:</strong> Solid</span><br><span><strong…,<p><span><strong>Material:</strong> 100% Polyester</span><br><span><strong>Feature:</strong> keep warm</span><br><span><strong>Pattern Type:</strong> Solid</span><br><span><strong>Season:</strong> Winter</span><br><span><strong>Type:</strong> Other</span><br><span><strong>Grade:</strong> Quality</span><br><span><strong>Model Number:</strong> Throw Blanket</span><br><span><strong>Pattern:</strong> Plain Dyed</span><br><span><strong>Style:</strong> Modern</span><br><span><strong>Set Type:</strong> No</span><br><span><strong>Color Fastness (Grade):</strong> 3-4</span><br><span><strong>Technics:</strong> Woven</span><br><span><strong>Shape:</strong> Rectangle</span><br><span><strong>Use:</strong> Picnic</span><br><span><strong>Use:</strong> Travel</span><br><span><strong>Use:</strong> Hospital</span><br><span><strong>Use:</strong> Home</span><br><span><strong>Use:</strong> HOTEL</span><br><span><strong>Use:</strong> Airplane</span><br><span><strong>Weight:</strong> 500-1600g</span><br><span><strong>Wash Style:</strong> Mechanical Wash</span><br><span><strong>Age Group:</strong> Adults</span><br><span><strong>Function 1:</strong> Bedding Blanket</span><br><span><strong>Function 2:</strong> Sofa Chair Couch Blanket</span><br><span><strong>Function 3:</strong> Air Conditioning Blanket</span><br><span><strong>Function 4:</strong> Throw Blanket</span><br><span><strong>Function 5:</strong> Christmas New Year Gift For Chirldren</span><br><span><strong>Function 6:</strong> Bedspread Of Child Bed</span><br><span><strong>Size 1:</strong> 75x115cm(approx.)</span><br><span><strong>Size 2:</strong> 125x160cm(approx.)</span><br><span><strong>Size 3:</strong> 160x195cm(approx.)</span></p>,Awhale,Home & Garden > Linens & Bedding > Bedding > Blankets,,TRUE,22.99,active
45101132-black-gray-127x172cm,textile-city-faux-cashmere-sofa-blanket-cover-nordic-style-knit-plaid-throw-tassels-bedspread-golden-blanket-for-spring-summer,Textile City Faux Cashmere Sofa Blanket Cover Nordic Style Knit Plaid Throw Tassels Bedspread Golden Blanket for Spring Summer,<p><span><strong>Origin:</strong> CN(Origin)</span><br><span><strong>Material:</strong> 100% Acrylic</span><br><span><strong>Feature:</strong> Anti-Pilling</span><br><span><strong…,"<p><span><strong>Origin:</strong> CN(Origin)</span><br><span><strong>Material:</strong> 100% Acrylic</span><br><span><strong>Feature:</strong> Anti-Pilling</span><br><span><strong>Pattern Type:</strong> Plaid</span><br><span><strong>Season:</strong> Spring/Autumn</span><br><span><strong>Type:</strong> Thread Blanket/Towel Blanket</span><br><span><strong>Grade:</strong> Grade A</span><br><span><strong>Model Number:</strong> NO2</span><br><span><strong>Pattern:</strong> Yarn Dyed</span><br><span><strong>Style:</strong> Modern</span><br><span><strong>Set Type:</strong> No</span><br><span><strong>Color Fastness (Grade):</strong> 4</span><br><span><strong>Technics:</strong> Knitted</span><br><span><strong>Shape:</strong> Rectangle</span><br><span><strong>Use:</strong> Picnic</span><br><span><strong>Use:</strong> Travel</span><br><span><strong>Use:</strong> Military</span><br><span><strong>Use:</strong> Hospital</span><br><span><strong>Use:</strong> Home</span><br><span><strong>Use:</strong> HOTEL</span><br><span><strong>Use:</strong> Airplane</span><br><span><strong>Weight:</strong> 550g</span><br><span><strong>Wash Style:</strong> Hand Wash</span><br><span><strong>Age Group:</strong> Adults</span><br><span><strong>pattern:</strong> Geometric pattern</span><br><span><strong>colour:</strong> Turmeric, ash, beige, khaki, brick red</span><br><span><strong>Dimensions and specifications:</strong> 127 * 152 + 20cm(50""x60"")</span><br><span><strong>season:</strong> Autumn and winter</span><br><span><strong>Fabric material:</strong> acrylic fibres</span></p>",Awhale,Home & Garden > Linens & Bedding > Bedding > Blankets,,TRUE,27.99,active
40179302-hu-po-lv-twin-size-3pcs,bedding-set-solid-color-luxury-bedding-kit-rayon-satin-duvet-cover-set-twin-queen-king-size-bed-set-2pcs-3pcs-4pcs,Bedding Set Solid Color Luxury Bedding Kit Rayon Satin Duvet Cover Set Twin Queen King Size Bed Set 2pcs/3pcs/4pcs,<p><span><strong>Brand Name:</strong> FLOWERS AND CAKES</span><br><span><strong>Material:</strong> Rayon</span><br><span><strong>is_customized:</strong> No</span><br><span><strong…,<p><span><strong>Brand Name:</strong> FLOWERS AND CAKES</span><br><span><strong>Material:</strong> Rayon</span><br><span><strong>is_customized:</strong> No</span><br><span><strong>Suitable Region:</strong> North America</span><br><span><strong>Type:</strong> Duvetcover&amp;2pcs Pillowcase&amp;1sheet</span><br><span><strong>Style:</strong> Solid</span><br><span><strong>Fabirc Construction:</strong> 120gsm</span><br><span><strong>Origin:</strong> CN(Origin)</span><br><span><strong>Process Technique:</strong> Quilting</span><br><span><strong>Fabirc Style:</strong> Twill</span><br><span><strong>Application Size:</strong> 1.0m (3.3 feet)</span><br><span><strong>Application Size:</strong> 1.2m (4 feet)</span><br><span><strong>Application Size:</strong> 1.35m (4.5 feet)</span><br><span><strong>Application Size:</strong> 1.5m (5 feet)</span><br><span><strong>Application Size:</strong> 1.8m (6 feet)</span><br><span><strong>Application Size:</strong> 2.0m (6.6 feet)</span><br><span><strong>Application Size:</strong> 2.2m (7 feet)</span><br><span><strong>Quantity:</strong> 4 pcs</span><br><span><strong>Weight:</strong> 1kg-1.6kg</span><br><span><strong>Color Fastness (Grade):</strong> National Standards</span></p>,Awhale,Home & Garden > Linens & Bedding > Bedding,,TRUE,31.99,active
27952986-white-double-4pcs-180x220,nordic-simple-bedding-set-adult-duvet-cover-sets-bedclothes-bed-linen-sheet-single-double-queen-king-size-qulit-covers-240-220,Nordic Simple Bedding Set Adult Duvet Cover Sets Bedclothes Bed Linen Sheet Single Double Queen King size Qulit Covers 240/220,<p><span><strong>Origin:</strong> CN(Origin)</span><br><span><strong>Grade:</strong> Grade A</span><br><span><strong>Pattern:</strong> PRINTED</span><br><span><strong>is_customize…,"<p><span><strong>Origin:</strong> CN(Origin)</span><br><span><strong>Grade:</strong> Grade A</span><br><span><strong>Pattern:</strong> PRINTED</span><br><span><strong>is_customized:</strong> No</span><br><span><strong>Style:</strong> Modern</span><br><span><strong>Material:</strong> 100% Polyester</span><br><span><strong>Technics:</strong> Woven</span><br><span><strong>Use:</strong> Home</span><br><span><strong>Thread Count:</strong> 400TC</span><br><span><strong>Pattern Type:</strong> PLANT</span><br><span><strong>Model Number:</strong> YH0012/YH0049/YH0056/JB0060/0050009</span><br><span><strong>Weight:</strong> 0.9KG-1.5KG</span><br><span><strong>Age Group:</strong> For Kids and adult bedding sets (housse de couette)</span><br><span><strong>Fabric Count:</strong> 60</span><br><span><strong>Color:</strong> Green/Black/White/Grey/Yellow</span><br><span><strong>Material:</strong> Soft Polyester (Not include comforter/quilt</span><br><span><strong>Application Size:</strong> 1.5m (5 feet),1.8m (6 feet),2.0m (6.6 feet),2.2m (7 feet)</span><br><span><strong>Type:</strong> Pillowcases &amp; Duvet Cover Sets (Without Comforter/Quilt)</span><br><span><strong>Size Chart:</strong> Single, Double, Queen, King</span><br><span><strong>Pillowcase size:</strong> 48 cm X 74 cm = 19 in X 29 in</span><br><span><strong>Quantity:</strong> 3/4Pcs Bedding Set / Bedclothes</span><br><span><strong>Support:</strong> Wholesale &amp; Dropshipping</span><br><span><strong>Season:</strong> Spring/Summer/Autumn/Winter</span><br><span><strong>Type1:</strong> Bed Linens / Flat Bed Sheet</span></p>",Awhale,Home & Garden > Linens & Bedding > Bedding,,TRUE,50.99,active
49102950-duvet-cover-color-17-duvetcover-180x220cm-china,soft-skin-friendly-flannel-duvet-cover-dual-use-winter-warm-quilt-cover-for-adults-children-thick-comforter-cover,Soft Skin-friendly Flannel Duvet Cover Dual-use Winter Warm Quilt Cover for Adults Children Thick Comforter Cover,<p><span><strong>Brand Name:</strong> x-culture</span><br><span><strong>Origin:</strong> CN(Origin)</span><br><span><strong>Grade:</strong> Grade A</span><br><span><strong>Pattern…,<p><span><strong>Brand Name:</strong> x-culture</span><br><span><strong>Origin:</strong> CN(Origin)</span><br><span><strong>Grade:</strong> Grade A</span><br><span><strong>Pattern:</strong> Plain Dyed</span><br><span><strong>is_customized:</strong> No</span><br><span><strong>Style:</strong> Plain</span><br><span><strong>Material:</strong> 100% Polyester</span><br><span><strong>Technics:</strong> Woven</span><br><span><strong>Use:</strong> Home</span><br><span><strong>Use:</strong> HOTEL</span><br><span><strong>Thread Count:</strong> 200TC</span><br><span><strong>Pattern Type:</strong> Solid</span><br><span><strong>Model Number:</strong> multifunctional duvet cover</span><br><span><strong>Weight:</strong> 1200-2100g</span><br><span><strong>Age Group:</strong> Adults</span><br><span><strong>Fabric Count:</strong> 40</span><br><span><strong>Duvet Cover Size(approx.):</strong> 150x200/180x220/200x230/220x240cm</span><br><span><strong>Duvet cover Color:</strong> two colors on both sides</span><br><span><strong>Pillowcase Color:</strong> The pillowcase is the same color on both sides.</span><br><span><strong>Pillowcase Size(approx.):</strong> 48x74cm</span></p>,Awhale,Home & Garden > Linens & Bedding > Bedding,,TRUE,63.99,active
38201149-h17-uk-supking-220x260cm,marble-pattern-printed-duvet-cover-set-with-zipper-closure-bedding-sets-amp-comforter-covet-pillow,Marble Pattern Printed Duvet Cover Set With Zipper Closure Bedding Sets &amp; Comforter Covet Pillow,<p><span><strong>Brand Name:</strong> Joyajafag</span><br><span><strong>Material:</strong> Microfiber Fabric</span><br><span><strong>Filling:</strong> None</span><br><span><strong…,<p><span><strong>Brand Name:</strong> Joyajafag</span><br><span><strong>Material:</strong> Microfiber Fabric</span><br><span><strong>Filling:</strong> None</span><br><span><strong>is_customized:</strong> Yes</span><br><span><strong>Suitable Region:</strong> Eastern Europe</span><br><span><strong>Type:</strong> Duvetcover&amp;2pcs Pillowcase</span><br><span><strong>Style:</strong> 3D Print</span><br><span><strong>Fabirc Construction:</strong> 350gsm</span><br><span><strong>Origin:</strong> CN(Origin)</span><br><span><strong>Process Technique:</strong> Basic</span><br><span><strong>Fabirc Style:</strong> Plain</span><br><span><strong>Application Size:</strong> 1.0m (3.3 feet)</span><br><span><strong>Application Size:</strong> 1.2m (4 feet)</span><br><span><strong>Application Size:</strong> 1.35m (4.5 feet)</span><br><span><strong>Application Size:</strong> 1.5m (5 feet)</span><br><span><strong>Application Size:</strong> 1.8m (6 feet)</span><br><span><strong>Application Size:</strong> 2.0m (6.6 feet)</span><br><span><strong>Application Size:</strong> 2.2m (7 feet)</span><br><span><strong>Application Size:</strong> 2.5m (8 feet)</span><br><span><strong>Application Size:</strong> 2.8m (9 feet)</span><br><span><strong>Quantity:</strong> 3 pcs</span><br><span><strong>Weight:</strong> 1KG</span><br><span><strong>Color Fastness (Grade):</strong> National Standards</span></p>,Awhale,Home & Garden > Linens & Bedding > Bedding,,TRUE,31.99,active
50271839-picture-color-set-us-calking104x94in,bedding-comforter-cover-sets-with-3d-seaside-print-kids-teens-duvet-covet-with-ocean-theme-bedding-quilt-cover-zipper-closure,Bedding Comforter Cover Sets with 3D Seaside Print Kids Teens Duvet Covet with Ocean Theme Bedding Quilt Cover Zipper Closure,<p><span><strong>Brand Name:</strong> Abosbeet</span><br><span><strong>Origin:</strong> CN(Origin)</span><br><span><strong>Pattern Type:</strong> Print</span><br><span><strong>App…,<p><span><strong>Brand Name:</strong> Abosbeet</span><br><span><strong>Origin:</strong> CN(Origin)</span><br><span><strong>Pattern Type:</strong> Print</span><br><span><strong>Application Size:</strong> 1.0m (3.3 feet)</span><br><span><strong>Application Size:</strong> 1.2m (4 feet)</span><br><span><strong>Application Size:</strong> 1.35m (4.5 feet)</span><br><span><strong>Application Size:</strong> 1.5m (5 feet)</span><br><span><strong>Application Size:</strong> 1.8m (6 feet)</span><br><span><strong>Application Size:</strong> 2.0m (6.6 feet)</span><br><span><strong>Application Size:</strong> 2.2m (7 feet)</span><br><span><strong>Application Size:</strong> 2.5m (8 feet)</span><br><span><strong>Application Size:</strong> 2.8m (9 feet)</span><br><span><strong>GSM:</strong> 100gsm</span><br><span><strong>Thread Count:</strong> 300TC</span><br><span><strong>Material:</strong> Microfiber Fabric</span><br><span><strong>Fabric Count:</strong> 30</span><br><span><strong>Grade:</strong> Grade A</span><br><span><strong>Color Fastness (Grade):</strong> National Standards</span><br><span><strong>Pattern:</strong> PRINTED</span><br><span><strong>Model Number:</strong> 01389A</span><br><span><strong>Style:</strong> Modern</span><br><span><strong>Technics:</strong> Reactive Printing</span><br><span><strong>Use:</strong> Home</span><br><span><strong>Quantity:</strong> 3 pcs</span><br><span><strong>is_customized:</strong> No</span><br><span><strong>Weight:</strong> 1.5</span></p>,Awhale,Home & Garden > Linens & Bedding > Bedding,,TRUE,76.99,active
27348439-white,sad-boy-baseball-cap-for-kids-cotton-adjustable-3d-embroidery-bone-kids-caps-sad-face-hip-hop-snapback-hat-for-little-boys-girls,Cool boy baseball cap for kids cotton adjustable 3D embroidery bone kids caps funny face hip hop snapback hat for little boys girls,<p><span><strong>Feature:</strong> Sun protection</span><br><span><strong>Applicable Season:</strong> Four Seasons</span><br><span><strong>Pattern Type:</strong> Cartoon</span><br…,"<p><span><strong>Feature:</strong> Sun protection</span><br><span><strong>Applicable Season:</strong> Four Seasons</span><br><span><strong>Pattern Type:</strong> Cartoon</span><br><span><strong>Department Name:</strong> Children</span><br><span><strong>Material:</strong> Cotton</span><br><span><strong>Applicable Scene:</strong> Casual</span><br><span><strong>Gender:</strong> Unisex</span><br><span><strong>Style:</strong> Casual</span><br><span><strong>Strap Type:</strong> Adjustable</span><br><span><strong>Release Date:</strong> Spring 2021</span><br><span><strong>Hat Size:</strong> One Size</span><br><span><strong>Item Type:</strong> Baseball Caps</span><br><span><strong>color:</strong> black, white</span><br><span><strong>size:</strong> 48-52cm</span><br><span><strong>delivery time:</strong> 7 to 30 days</span></p>",Awhale,Arts & Entertainment > Hobbies & Creative Arts > Collectibles > Sports Collectibles > Sports Fan Accessories > Hats,baseball cap,TRUE,7.99,active
19747730-4-queen-cover200x230cm,solstice-home-textile-black-lattice-duvet-cover-pillowcase-bed-sheet-simple-boy-girls-bedding-sets-single-twin-double-cover-beds,Solstice Home Textile Black Lattice Duvet Cover Pillowcase Bed Sheet Simple Boy Girls Bedding Sets Single Twin Double Cover Beds,<p><span><strong>Brand Name:</strong> SOLSTICE</span><br><span><strong>Material:</strong> 100% Polyester</span><br><span><strong>is_customized:</strong> Yes</span><br><span><stron…,<p><span><strong>Brand Name:</strong> SOLSTICE</span><br><span><strong>Material:</strong> 100% Polyester</span><br><span><strong>is_customized:</strong> Yes</span><br><span><strong>Suitable Region:</strong> Western Europe</span><br><span><strong>Type:</strong> Duvetcover&amp;2pcs Pillowcase&amp;1sheet</span><br><span><strong>Style:</strong> Geometric</span><br><span><strong>Fabirc Construction:</strong> 90gsm</span><br><span><strong>Origin:</strong> CN(Origin)</span><br><span><strong>Process Technique:</strong> Basic</span><br><span><strong>Fabirc Style:</strong> Plain</span><br><span><strong>Application Size:</strong> 1.0m (3.3 feet)</span><br><span><strong>Application Size:</strong> 1.2m (4 feet)</span><br><span><strong>Application Size:</strong> 1.35m (4.5 feet)</span><br><span><strong>Application Size:</strong> 1.5m (5 feet)</span><br><span><strong>Application Size:</strong> 1.8m (6 feet)</span><br><span><strong>Application Size:</strong> 2.0m (6.6 feet)</span><br><span><strong>Application Size:</strong> 2.2m (7 feet)</span><br><span><strong>Quantity:</strong> Other</span><br><span><strong>Weight:</strong> 1.5kg</span><br><span><strong>Color Fastness (Grade):</strong> 4</span></p>,Awhale,Home & Garden > Linens & Bedding > Bedding,,TRUE,33.99,active
GZ-DTS6-8PD5,awhale-boys-and-girls-baseball-hat-toddler-cap-with-ponytail-messy-bun-opening-for-ages-2-12-adjustable-buckle-white-rainbow,White Rainbow Boys & Girls Baseball Hat with Adjustable Buckle(One Size Fits Most),"<meta charset=""UTF-8""> <ul class=""a-unordered-list a-vertical a-spacing-mini"" data-mce-fragment=""1""> <li data-mce-fragment=""1""><span class=""a-list-item"" data-mce-fragment=""1"">𝐄𝐘…","<meta charset=""UTF-8""> <ul class=""a-unordered-list a-vertical a-spacing-mini"" data-mce-fragment=""1""> <li data-mce-fragment=""1""><span class=""a-list-item"" data-mce-fragment=""1"">𝐄𝐘𝐄-𝐂𝐀𝐓𝐂𝐇𝐈𝐍𝐆 – The Awhale Girl’s Unicorn Baseball Hat stands out with a 3D design and graphics packed with vibrant colors and tons of personality. Your kid will not want to take it off! Add some magic to your child’s wardrobe with this adorable baseball cap! </span></li> <li data-mce-fragment=""1""><span class=""a-list-item"" data-mce-fragment=""1"">𝐏𝐄𝐑𝐅𝐄𝐂𝐓 𝐅𝐈𝐓 – Made for all girl’s hair types, our hat contains 6 embroidered eyelets and a full back opening for those messy buns and ponytails. Designed to fit children ages 2-12, the adjustable buckle can be tweaked in seconds for toddlers or tweens! </span></li> <li data-mce-fragment=""1""><span class=""a-list-item"" data-mce-fragment=""1"">𝐇𝐈𝐆𝐇-𝐐𝐔𝐀𝐋𝐈𝐓𝐘 – Made with Premium cotton, our girl’s unicorn baseball hat stays stunning with machine-washable cotton twill and durable stitching that preserves the colors and personality of the hat. </span></li> <li data-mce-fragment=""1""><span class=""a-list-item"" data-mce-fragment=""1"">𝐀𝐋𝐋-𝐃𝐀𝐘 𝐔𝐒𝐄 – Made with breathable material, our unicorn baseball hat is comfortable for outdoor activities like running, baseball, tennis, and golf but also perfect for casual wear at school, the park, or on a playdate! </span></li> <li data-mce-fragment=""1""><span class=""a-list-item"" data-mce-fragment=""1"">𝐀𝐖𝐇𝐀𝐋𝐄 𝐁𝐑𝐀𝐍𝐃 – Welcome to AWHALE, where our designers are obsessed with combining High-Quality Materials and Chic Design to bring joy and laughter to boys and girls. Your child will love wearing our stylish outfits, and as everyone knows, there is nothing more adorable than a happy and fashionable child!</span></li> </ul>",Awhale,Arts & Entertainment > Hobbies & Creative Arts > Collectibles > Sports Collectibles > Sports Fan Accessories > Hats,baseball cap,TRUE,19.99,active
N5-M5W4-V1RD,awhale-boys-and-girls-baseball-hat-toddler-cap-with-ponytail-messy-bun-opening-for-ages-2-12-adjustable-buckle-unicorn-pink,Pink Unicorn Boys & Girls Baseball Hat with Adjustable Buckle (One Size Fits Most),"<meta charset=""UTF-8""> <ul class=""a-unordered-list a-vertical a-spacing-mini"" data-mce-fragment=""1""> <li data-mce-fragment=""1""><span class=""a-list-item"" data-mce-fragment=""1"">𝐄𝐘…","<meta charset=""UTF-8""> <ul class=""a-unordered-list a-vertical a-spacing-mini"" data-mce-fragment=""1""> <li data-mce-fragment=""1""><span class=""a-list-item"" data-mce-fragment=""1"">𝐄𝐘𝐄-𝐂𝐀𝐓𝐂𝐇𝐈𝐍𝐆 – The Awhale Girl’s Unicorn Baseball Hat stands out with a 3D design and graphics packed with a vibrant pink color and tons of personality. Your kid will not want to take it off! Add some magic to your child’s wardrobe with this adorable baseball cap! </span></li> <li data-mce-fragment=""1""><span class=""a-list-item"" data-mce-fragment=""1"">𝐏𝐄𝐑𝐅𝐄𝐂𝐓 𝐅𝐈𝐓 – Made for all girl’s hair types, our hat contains 6 embroidered eyelets and a full back opening for those messy buns and ponytails. Designed to fit children ages 2-12, the adjustable buckle can be tweaked in seconds for toddlers or tweens! </span></li> <li data-mce-fragment=""1""><span class=""a-list-item"" data-mce-fragment=""1"">𝐇𝐈𝐆𝐇-𝐐𝐔𝐀𝐋𝐈𝐓𝐘 – Made with Premium cotton, our girl’s unicorn baseball hat stays stunning with machine-washable cotton twill and durable stitching that preserves the colors and personality of the hat. </span></li> <li data-mce-fragment=""1""><span class=""a-list-item"" data-mce-fragment=""1"">𝐀𝐋𝐋-𝐃𝐀𝐘 𝐔𝐒𝐄 – Made with breathable material, our unicorn baseball hat is comfortable for outdoor activities like running, baseball, tennis, and golf but also perfect for casual wear at school, the park, or on a playdate! </span></li> <li data-mce-fragment=""1""><span class=""a-list-item"" data-mce-fragment=""1"">𝐀𝐖𝐇𝐀𝐋𝐄 𝐁𝐑𝐀𝐍𝐃 – Welcome to AWHALE, where our designers are obsessed with combining High-Quality Materials and Chic Design to bring joy and laughter to boys and girls. Your child will love wearing our stylish outfits, and as everyone knows, there is nothing more adorable than a happy and fashionable child!</span></li> </ul>",Awhale,Baby & Toddler Hats,baseball cap,TRUE,19.99,active
IS-9WZV-QFWK,awhale-boys-and-girls-baseball-hat-toddler-cap-with-ponytail-messy-bun-opening-for-ages-2-12-adjustable-buckle-green,Green Boys & Girls Baseball Hat with Adjustable Buckle,"<meta charset=""UTF-8""> <ul class=""a-unordered-list a-vertical a-spacing-mini"" data-mce-fragment=""1""> <li data-mce-fragment=""1""><span class=""a-list-item"" data-mce-fragment=""1"">𝐅𝐔…","<meta charset=""UTF-8""> <ul class=""a-unordered-list a-vertical a-spacing-mini"" data-mce-fragment=""1""> <li data-mce-fragment=""1""><span class=""a-list-item"" data-mce-fragment=""1"">𝐅𝐔𝐍𝐂𝐓𝐈𝐎𝐍𝐀𝐋 &amp; 𝐒𝐓𝐘𝐋𝐈𝐒𝐇 – Your child will look adorable wearing one of our no logo baseball caps and will receive much needed sun protection with each hat featuring a sleek reflective strip across the brim. Whether you're sending them off to school, at the park, or running errands around town, our Premium sun hats for kids are the perfect accessory </span></li> <li data-mce-fragment=""1""><span class=""a-list-item"" data-mce-fragment=""1"">𝐏𝐄𝐑𝐅𝐄𝐂𝐓 𝐅𝐈𝐓 – Made for all girl’s hair types, our hat contains 6 embroidered eyelets and a full back opening for those messy buns and ponytails. Designed to fit children ages 4-12, the adjustable buckle can be tweaked in seconds for toddlers or tweens! </span></li> <li data-mce-fragment=""1""><span class=""a-list-item"" data-mce-fragment=""1"">𝐇𝐈𝐆𝐇-𝐐𝐔𝐀𝐋𝐈𝐓𝐘 – Made with Premium cotton, our girl’s unicorn baseball hat stays stunning with machine-washable cotton twill and durable stitching that preserves the colors and personality of the hat. </span></li> <li data-mce-fragment=""1""><span class=""a-list-item"" data-mce-fragment=""1"">𝐀𝐋𝐋-𝐃𝐀𝐘 𝐔𝐒𝐄 – Made with breathable material, our unicorn baseball hat is comfortable for outdoor activities like running, baseball, tennis, and golf but also perfect for casual wear at school, the park, or on a playdate! </span></li> <li data-mce-fragment=""1""><span class=""a-list-item"" data-mce-fragment=""1"">𝐀𝐖𝐇𝐀𝐋𝐄 𝐁𝐑𝐀𝐍𝐃 – Welcome to AWHALE, where our designers are obsessed with combining High-Quality Materials and Chic Design to bring joy and laughter to boys and girls. Your child will love wearing our stylish outfits, and as everyone knows, there is nothing more adorable than a happy and fashionable child!</span></li> </ul>",Awhale,Hats,baseball cap,TRUE,15.99,active
WW-WRHA-M1VH,awhale-boys-and-girls-baseball-hat-toddler-cap-with-ponytail-messy-bun-opening-for-ages-2-12-adjustable-bucklemetallic-navy-blue,Metallic Navy Blue Boys & Girls Baseball Hat with Adjustable Buckle,"<meta charset=""utf-8""> <ul class=""a-unordered-list a-vertical a-spacing-mini"" data-mce-fragment=""1""> <li data-mce-fragment=""1""><span class=""a-list-item"" data-mce-fragment=""1"">𝐅𝐔…","<meta charset=""utf-8""> <ul class=""a-unordered-list a-vertical a-spacing-mini"" data-mce-fragment=""1""> <li data-mce-fragment=""1""><span class=""a-list-item"" data-mce-fragment=""1"">𝐅𝐔𝐍𝐂𝐓𝐈𝐎𝐍𝐀𝐋 &amp; 𝐒𝐓𝐘𝐋𝐈𝐒𝐇 – Your child will look adorable wearing one of our no logo Navy baseball caps and will receive much needed sun protection with each hat featuring a sleek reflective strip across the brim. Whether you're sending them off to school, at the park, or running errands around town, our Premium sun hats for kids is the perfect accessory</span></li> <li data-mce-fragment=""1""><span class=""a-list-item"" data-mce-fragment=""1"">𝐏𝐄𝐑𝐅𝐄𝐂𝐓 𝐅𝐈𝐓 - As your child grows, our Navy youth baseball hat will ""grow"" with them; That's right, these hats won't become a hand me down after a few months; The buckle in the back makes adjusting the size to fit all boys and girls quick and easy</span></li> <li data-mce-fragment=""1""><span class=""a-list-item"" data-mce-fragment=""1"">𝐇𝐈𝐆𝐇-𝐐𝐔𝐀𝐋𝐈𝐓𝐘 - Made from breathable cotton and high-quality stitching for long-lasting, all-day comfort. When dirty from daily use, simply hand wash and air dry</span></li> <li data-mce-fragment=""1""><span class=""a-list-item"" data-mce-fragment=""1"">𝐄𝐘𝐄-𝐂𝐀𝐓𝐂𝐇𝐈𝐍𝐆 - The Navy Blue and Light Pink kids’ baseball cap comes in (2) sizes to fit boys and girls ages 2-6 and 7-12; We also carry the following 3D graphic hats: Black Light Bulb, Ocean Blue Rocket, Pink Unicorn, and White Rainbow in sizes for children ages 2-12</span></li> </ul>",Awhale,Baby & Toddler Hats,baseball cap,TRUE,15.99,active
B098D5C3J3,awhale-boys-and-girls-baseball-hat-toddler-cap-with-ponytail-messy-bun-opening-for-ages-2-12-adjustable-bucklemetallic-light-pink,Metallic Light Pink Boys & Girls Baseball Hat with Adjustable Buckle,"<meta charset=""utf-8""> <ul class=""a-unordered-list a-vertical a-spacing-mini"" data-mce-fragment=""1""> <li data-mce-fragment=""1""><span class=""a-list-item"" data-mce-fragment=""1"">𝐅𝐔…","<meta charset=""utf-8""> <ul class=""a-unordered-list a-vertical a-spacing-mini"" data-mce-fragment=""1""> <li data-mce-fragment=""1""><span class=""a-list-item"" data-mce-fragment=""1"">𝐅𝐔𝐍𝐂𝐓𝐈𝐎𝐍𝐀𝐋 &amp; 𝐒𝐓𝐘𝐋𝐈𝐒𝐇 – Your child will look adorable wearing one of our no logo Light Pink baseball caps and will receive much needed sun protection with each hat featuring a sleek reflective strip across the brim. Whether you're sending them off to school, at the park, or running errands around town, our Premium sun hats for kids are the perfect accessory</span></li> <li data-mce-fragment=""1""><span class=""a-list-item"" data-mce-fragment=""1"">𝐏𝐄𝐑𝐅𝐄𝐂𝐓 𝐅𝐈𝐓 - As your child grows, our Light Pink youth baseball hat will ""grow"" with them; That's right, these hats won't become a hand me down after a few months; The buckle in the back makes adjusting the size to fit all girls quick and easy</span></li> <li data-mce-fragment=""1""><span class=""a-list-item"" data-mce-fragment=""1"">𝐇𝐈𝐆𝐇-𝐐𝐔𝐀𝐋𝐈𝐓𝐘 - Made from breathable cotton and high-quality stitching for long-lasting, all-day comfort. When dirty from daily use, simply hand wash and air dry</span></li> <li data-mce-fragment=""1""><span class=""a-list-item"" data-mce-fragment=""1"">𝐄𝐘𝐄-𝐂𝐀𝐓𝐂𝐇𝐈𝐍𝐆 - The Navy Blue and Light Pink kids’ baseball cap comes in (2) sizes to fit boys and girls ages 2-6 and 7-12; We also carry the following 3D graphic hats: Black Light Bulb, Ocean Blue Rocket, Pink Unicorn, and White Rainbow in sizes for children ages 2-12</span></li> </ul>",Awhale,Arts & Entertainment > Hobbies & Creative Arts > Collectibles > Sports Collectibles > Sports Fan Accessories > Hats,baseball cap,TRUE,15.99,active
B09KS9QHY2,awhale-denim-apron-with-5-pockets-for-men-and-women-lightweight-multipurpose-canvas-apron-for-bbq-gardening-painting-carpentry-one-size-fits-all,"Denim Apron with 5 Pockets | Multipurpose Canvas Apron for BBQ, Gardening, Painting, Carpentry","<meta charset=""utf-8""> <ul class=""a-unordered-list a-vertical a-spacing-mini"" data-mce-fragment=""1""> <li data-mce-fragment=""1""><span class=""a-list-item"" data-mce-fragment=""1"">✔ Pr…","<meta charset=""utf-8""> <ul class=""a-unordered-list a-vertical a-spacing-mini"" data-mce-fragment=""1""> <li data-mce-fragment=""1""><span class=""a-list-item"" data-mce-fragment=""1"">✔ Premium Quality For Lasting Comfort: Say goodbye to flimsy and uncomfortable aprons. Made of a durable canvas denim, this apron is 100% cotton. It offers a soft, lightweight and breathable fabric that won’t be stifling in the summer heat while you grill, or cause discomfort while you cook, garden, or paint</span></li> <li data-mce-fragment=""1""><span class=""a-list-item"" data-mce-fragment=""1"">𝐏𝐑𝐀𝐂𝐓𝐈𝐂𝐀𝐋 𝐃𝐄𝐒𝐈𝐆𝐍 – Besides looking sharp with a wrinkle-resistant design, our denim apron features 5 front pockets to keep your phone, tools, and grilling equipment snug while you work on your craft. Into gardening, painting, or auto repair? Keep everything neat and organized with plenty of room for your pens, pocketknives, nails, screws, paintbrushes, and everything in between</span></li> <li data-mce-fragment=""1""><span class=""a-list-item"" data-mce-fragment=""1"">✔ One Size Fits Everyone - Size: 31.9""L x 23.6""W: Sharing a kitchen with a spouse or roommate? No worries, our apron is designed to fit everyone. Whether you’re an XS or a XXL, a teen or an adult, you’ll get the perfect, customized fit every time. Thanks to our extra-long criss-cross straps, men and women of all sizes and body types can comfortably and confidently enjoy this apron. And unlike other aprons, you won’t struggle to get this one over your head</span></li> <li data-mce-fragment=""1""><span class=""a-list-item"" data-mce-fragment=""1"">✔ Unlimited Uses In and Around The Home: Although it’s incredibly useful in the kitchen, you’ll find yourself reaching for this apron over and over again. You’ll wonder how you ever lived without it! Ideas for use include painting, gardening, restaurant work, waiters, waitresses, cooking, grilling, BBQ, tailgating, baking, carpentry, bartending, and more! Protect your clothing with this versatile bib apron in 2 color choices</span></li> <li data-mce-fragment=""1""><span class=""a-list-item"" data-mce-fragment=""1"">✔ Easy to Wash for Years of Use: Caring for your apron shouldn’t be a chore. Simply throw it into the washing machine on cold and lay it flat to dry. The solid stitching ensures seams won’t come loose in the wash, so no frayed edges</span></li> </ul>",Awhale,Aprons,apron,TRUE,19.99,active
D2-MPS1-4DW0,awhale-denim-apron-with-3-pockets-for-men-and-women-lightweight-multipurpose-canvas-apron-for-bbq-gardening-painting-carpentry-one-size-fits-all-blue,"Denim Apron with 3 Pockets | Multipurpose Canvas Apron for BBQ, Gardening, Painting, Carpentry","<meta charset=""utf-8""> <ul class=""a-unordered-list a-vertical a-spacing-mini"" data-mce-fragment=""1""> <li data-mce-fragment=""1""><span class=""a-list-item"" data-mce-fragment=""1"">𝐋𝐈…","<meta charset=""utf-8""> <ul class=""a-unordered-list a-vertical a-spacing-mini"" data-mce-fragment=""1""> <li data-mce-fragment=""1""><span class=""a-list-item"" data-mce-fragment=""1"">𝐋𝐈𝐆𝐇𝐓𝐖𝐄𝐈𝐆𝐇𝐓 &amp; 𝐂𝐎𝐌𝐅𝐎𝐑𝐓𝐁𝐀𝐋𝐄 – Made with durable canvas denim, our 100% cotton chefs apron offers a soft, lightweight, and breathable fabric that can be comfortably worn in the summer heat while you are grilling, gardening, painting and much more!</span></li> <li data-mce-fragment=""1""><span class=""a-list-item"" data-mce-fragment=""1"">𝐏𝐑𝐀𝐂𝐓𝐈𝐂𝐀𝐋 𝐃𝐄𝐒𝐈𝐆𝐍 – Besides looking sharp with a wrinkle-resistant design, our denim apron features three front pockets to keep your phone, tools, and grilling equipment snug while you work on your craft. Into gardening, painting, or auto repair? Keep everything neat and organized with plenty of room for your pens, pocketknives, nails, screws, paintbrushes, and everything in between.</span></li> <li data-mce-fragment=""1""><span class=""a-list-item"" data-mce-fragment=""1"">𝐕𝐄𝐑𝐒𝐀𝐓𝐈𝐋𝐄 𝐔𝐒𝐄 – While an incredibly useful BBQ apron for grilling with family or tailgating, you will find yourself reaching for this apron over and over! Protect your clothing with this versatile denim apron whether you are into painting, gardening, baking, carpentry, bartending and more!</span></li> <li data-mce-fragment=""1""><span class=""a-list-item"" data-mce-fragment=""1"">𝐎𝐍𝐄 𝐒𝐈𝐙𝐄 𝐅𝐈𝐓𝐒 𝐀𝐋𝐋 – Never worry about your apron pulling on your neck with our extra-long crisscross straps that rest softly on your shoulders and allow you to adjust to your liking. Men and Women of all sizes can comfortably and confidently enjoy this apron with a customized fit every time! Size: 31.9""L x 23.6""W</span></li> <li data-mce-fragment=""1""><span class=""a-list-item"" data-mce-fragment=""1"">𝐄𝐀𝐒𝐘 𝐂𝐀𝐑𝐄 – Machine washable and extremely durable, the solid stitching ensures seams will not come loose in the wash and no frayed edges. Simply throw it in the washing machine on cold, lay it flat to dry and enjoy years of use.</span></li> </ul>",Awhale,Aprons,apron,TRUE,19.99,active
A5-XCYT-UCRE,awhale-boys-girls-camel-brown-rib-knit-beanie-hat-warm-winter-beanie-cap-soft-unisex-daily-beanie-hat,Camel Brown Boys & Girls Rib Knit Beanie Hat,"<meta charset=""utf-8""> <ul class=""a-unordered-list a-vertical a-spacing-mini"" data-mce-fragment=""1""> <li data-mce-fragment=""1""><span class=""a-list-item"" data-mce-fragment=""1"">𝐂𝐎…","<meta charset=""utf-8""> <ul class=""a-unordered-list a-vertical a-spacing-mini"" data-mce-fragment=""1""> <li data-mce-fragment=""1""><span class=""a-list-item"" data-mce-fragment=""1"">𝐂𝐎𝐌𝐅𝐎𝐑𝐓𝐀𝐁𝐋𝐄 &amp; 𝐖𝐀𝐑𝐌 – Our Awhale Brown Beanie Winter hat provides men and women a soft, lightweight cap to ride out the winter in style. The ultra-soft material keeps the head cozy in the winter with enough breathability for warmer days.</span></li> <li data-mce-fragment=""1""><span class=""a-list-item"" data-mce-fragment=""1"">𝐎𝐍𝐄 𝐒𝐈𝐙𝐄 𝐅𝐈𝐓𝐒 𝐌𝐎𝐒𝐓 – With stretchy material, our brown winter beanie is flexible to fit most head circumferences and can be adjusted to your liking!</span></li> <li data-mce-fragment=""1""><span class=""a-list-item"" data-mce-fragment=""1"">𝐅𝐎𝐑 𝐀𝐍𝐘 𝐎𝐂𝐂𝐀𝐒𝐈𝐎𝐍 – Our winter beanie hat with no logo is perfect for any casual outfit and suitable for any outdoor activities such as skiing, running, hiking, skating, walking, camping and so on. Do not let the cold stop you from enjoying yourself in the Autumn and Winter!</span></li> <li data-mce-fragment=""1""><span class=""a-list-item"" data-mce-fragment=""1"">𝐈𝐃𝐄𝐀𝐋 𝐆𝐈𝐅𝐓 – Boost your style with our ultra-comfortable unisex beanie hat this holiday season! Perfect as a birthday gift, Thanksgiving gift, Christmas gift and New Year’s Gift!</span></li> <li data-mce-fragment=""1""><span class=""a-list-item"" data-mce-fragment=""1"">𝐀𝐖𝐇𝐀𝐋𝐄 𝐁𝐑𝐀𝐍𝐃 – Welcome to AWHALE, where our designers are obsessed with combining High-Quality Materials and Chic Design to bring joy and laughter to Girls and Boys. Your child will love wearing our stylish outfits, and as everyone knows, there is nothing more adorable than a happy and fashionable child!</span></li> </ul>",Awhale,Arts & Entertainment > Hobbies & Creative Arts > Collectibles > Sports Collectibles > Sports Fan Accessories > Hats,kids,TRUE,12.99,active
